ESTADO,!,"""",#,$,%,&,',(,),*,+,",",-,.,/,0,1,2,3,4,5,6,7,8,9,:,;,<,=,>,?,@,A,B,C,D,E,F,G,H,I,J,K,L,M,N,O,P,Q,R,S,T,U,V,W,X,Y,Z,[,\,],^,_,`,a,b,c,d,e,f,g,h,i,j,k,l,m,n,o,p,q,r,s,t,u,v,w,x,y,z,{,|,},~,ñ,Ñ,¿,¡,¬
0,19,4,-1,-1,7,-1,-1,12,13,5,2,18,3,-1,6,1,1,1,1,1,1,1,1,1,1,-1,20,9,11,10,-1,-1,32,32,32,32,32,32,32,32,32,32,32,32,32,32,32,32,32,32,32,32,32,32,32,32,32,32,14,-1,15,8,32,-1,32,32,21,22,32,23,32,32,24,32,32,32,32,25,27,26,32,28,29,32,32,30,32,32,31,32,16,-1,17,-1,32,32,-1,-1,-1
1,-1,-1,-1,-1,-1,-1,-1,-1,-1,-1,-1,-1,-1,33,-1,1,1,1,1,1,1,1,1,1,1,-1,-1,-1,-1,-1,-1,-1,-1,-1,-1,-1,-1,-1,-1,-1,-1,-1,-1,-1,-1,-1,-1,-1,-1,-1,-1,-1,-1,-1,-1,-1,-1,-1,-1,-1,-1,-1,-1,-1,-1,-1,-1,-1,-1,-1,-1,-1,-1,-1,-1,-1,-1,-1,-1,-1,-1,-1,-1,-1,-1,-1,-1,-1,-1,-1,-1,-1,-1,-1,-1,-1,-1,-1,-1
2,-1,-1,-1,-1,-1,-1,-1,-1,-1,-1,-1,-1,-1,-1,-1,1,1,1,1,1,1,1,1,1,1,-1,-1,-1,-1,-1,-1,-1,-1,-1,-1,-1,-1,-1,-1,-1,-1,-1,-1,-1,-1,-1,-1,-1,-1,-1,-1,-1,-1,-1,-1,-1,-1,-1,-1,-1,-1,-1,-1,-1,-1,-1,-1,-1,-1,-1,-1,-1,-1,-1,-1,-1,-1,-1,-1,-1,-1,-1,-1,-1,-1,-1,-1,-1,-1,-1,-1,-1,-1,-1,-1,-1,-1,-1,-1
3,-1,-1,-1,-1,-1,-1,-1,-1,-1,-1,-1,-1,-1,-1,-1,1,1,1,1,1,1,1,1,1,1,-1,-1,-1,-1,-1,-1,-1,-1,-1,-1,-1,-1,-1,-1,-1,-1,-1,-1,-1,-1,-1,-1,-1,-1,-1,-1,-1,-1,-1,-1,-1,-1,-1,-1,-1,-1,-1,-1,-1,-1,-1,-1,-1,-1,-1,-1,-1,-1,-1,-1,-1,-1,-1,-1,-1,-1,-1,-1,-1,-1,-1,-1,-1,-1,-1,-1,-1,-1,-1,-1,-1,-1,-1,-1
4,36,34,36,36,36,36,36,36,36,36,36,36,36,36,36,36,36,36,36,36,36,36,36,36,36,36,36,36,36,36,36,36,36,36,36,36,36,36,36,36,36,36,36,36,36,36,36,36,36,36,36,36,36,36,36,36,36,36,36,35,36,36,36,36,36,36,36,36,36,36,36,36,36,36,36,36,36,36,36,36,36,36,36,36,36,36,36,36,36,36,36,36,36,36,36,36,36,36,36
5,-1,-1,-1,-1,-1,-1,-1,-1,-1,-1,-1,-1,-1,-1,-1,-1,-1,-1,-1,-1,-1,-1,-1,-1,-1,-1,-1,-1,-1,-1,-1,-1,-1,-1,-1,-1,-1,-1,-1,-1,-1,-1,-1,-1,-1,-1,-1,-1,-1,-1,-1,-1,-1,-1,-1,-1,-1,-1,-1,-1,-1,-1,-1,-1,-1,-1,-1,-1,-1,-1,-1,-1,-1,-1,-1,-1,-1,-1,-1,-1,-1,-1,-1,-1,-1,-1,-1,-1,-1,-1,-1,-1,-1,-1,-1,-1,-1,-1,-1
6,-1,-1,-1,-1,-1,-1,-1,-1,-1,-1,-1,-1,-1,-1,-1,-1,-1,-1,-1,-1,-1,-1,-1,-1,-1,-1,-1,-1,-1,-1,-1,-1,-1,-1,-1,-1,-1,-1,-1,-1,-1,-1,-1,-1,-1,-1,-1,-1,-1,-1,-1,-1,-1,-1,-1,-1,-1,-1,-1,-1,-1,-1,-1,-1,-1,-1,-1,-1,-1,-1,-1,-1,-1,-1,-1,-1,-1,-1,-1,-1,-1,-1,-1,-1,-1,-1,-1,-1,-1,-1,-1,-1,-1,-1,-1,-1,-1,-1,-1
7,-1,-1,-1,-1,-1,-1,-1,-1,-1,-1,-1,-1,-1,-1,-1,-1,-1,-1,-1,-1,-1,-1,-1,-1,-1,-1,-1,-1,-1,-1,-1,-1,-1,-1,-1,-1,-1,-1,-1,-1,-1,-1,-1,-1,-1,-1,-1,-1,-1,-1,-1,-1,-1,-1,-1,-1,-1,-1,-1,-1,-1,-1,-1,-1,-1,-1,-1,-1,-1,-1,-1,-1,-1,-1,-1,-1,-1,-1,-1,-1,-1,-1,-1,-1,-1,-1,-1,-1,-1,-1,-1,-1,-1,-1,-1,-1,-1,-1,-1
8,-1,-1,-1,-1,-1,-1,-1,-1,-1,-1,-1,-1,-1,-1,-1,-1,-1,-1,-1,-1,-1,-1,-1,-1,-1,-1,-1,-1,-1,-1,-1,-1,-1,-1,-1,-1,-1,-1,-1,-1,-1,-1,-1,-1,-1,-1,-1,-1,-1,-1,-1,-1,-1,-1,-1,-1,-1,-1,-1,-1,-1,-1,-1,-1,-1,-1,-1,-1,-1,-1,-1,-1,-1,-1,-1,-1,-1,-1,-1,-1,-1,-1,-1,-1,-1,-1,-1,-1,-1,-1,-1,-1,-1,-1,-1,-1,-1,-1,-1
9,-1,-1,-1,-1,-1,-1,-1,-1,-1,-1,-1,-1,-1,-1,-1,-1,-1,-1,-1,-1,-1,-1,-1,-1,-1,-1,-1,-1,37,-1,-1,-1,-1,-1,-1,-1,-1,-1,-1,-1,-1,-1,-1,-1,-1,-1,-1,-1,-1,-1,-1,-1,-1,-1,-1,-1,-1,-1,-1,-1,-1,-1,-1,-1,-1,-1,-1,-1,-1,-1,-1,-1,-1,-1,-1,-1,-1,-1,-1,-1,-1,-1,-1,-1,-1,-1,-1,-1,-1,-1,-1,-1,-1,-1,-1,-1,-1,-1,-1
10,-1,-1,-1,-1,-1,-1,-1,-1,-1,-1,-1,-1,-1,-1,-1,-1,-1,-1,-1,-1,-1,-1,-1,-1,-1,-1,-1,-1,38,-1,-1,-1,-1,-1,-1,-1,-1,-1,-1,-1,-1,-1,-1,-1,-1,-1,-1,-1,-1,-1,-1,-1,-1,-1,-1,-1,-1,-1,-1,-1,-1,-1,-1,-1,-1,-1,-1,-1,-1,-1,-1,-1,-1,-1,-1,-1,-1,-1,-1,-1,-1,-1,-1,-1,-1,-1,-1,-1,-1,-1,-1,-1,-1,-1,-1,-1,-1,-1,-1
11,-1,-1,-1,-1,-1,-1,-1,-1,-1,-1,-1,-1,-1,-1,-1,-1,-1,-1,-1,-1,-1,-1,-1,-1,-1,-1,-1,-1,39,-1,-1,-1,-1,-1,-1,-1,-1,-1,-1,-1,-1,-1,-1,-1,-1,-1,-1,-1,-1,-1,-1,-1,-1,-1,-1,-1,-1,-1,-1,-1,-1,-1,-1,-1,-1,-1,-1,-1,-1,-1,-1,-1,-1,-1,-1,-1,-1,-1,-1,-1,-1,-1,-1,-1,-1,-1,-1,-1,-1,-1,-1,-1,-1,-1,-1,-1,-1,-1,-1
12,-1,-1,-1,-1,-1,-1,-1,-1,-1,-1,-1,-1,-1,-1,-1,-1,-1,-1,-1,-1,-1,-1,-1,-1,-1,-1,-1,-1,-1,-1,-1,-1,-1,-1,-1,-1,-1,-1,-1,-1,-1,-1,-1,-1,-1,-1,-1,-1,-1,-1,-1,-1,-1,-1,-1,-1,-1,-1,-1,-1,-1,-1,-1,-1,-1,-1,-1,-1,-1,-1,-1,-1,-1,-1,-1,-1,-1,-1,-1,-1,-1,-1,-1,-1,-1,-1,-1,-1,-1,-1,-1,-1,-1,-1,-1,-1,-1,-1,-1
13,-1,-1,-1,-1,-1,-1,-1,-1,-1,-1,-1,-1,-1,-1,-1,-1,-1,-1,-1,-1,-1,-1,-1,-1,-1,-1,-1,-1,-1,-1,-1,-1,-1,-1,-1,-1,-1,-1,-1,-1,-1,-1,-1,-1,-1,-1,-1,-1,-1,-1,-1,-1,-1,-1,-1,-1,-1,-1,-1,-1,-1,-1,-1,-1,-1,-1,-1,-1,-1,-1,-1,-1,-1,-1,-1,-1,-1,-1,-1,-1,-1,-1,-1,-1,-1,-1,-1,-1,-1,-1,-1,-1,-1,-1,-1,-1,-1,-1,-1
14,-1,-1,-1,-1,-1,-1,-1,-1,-1,-1,-1,-1,-1,-1,-1,-1,-1,-1,-1,-1,-1,-1,-1,-1,-1,-1,-1,-1,-1,-1,-1,-1,-1,-1,-1,-1,-1,-1,-1,-1,-1,-1,-1,-1,-1,-1,-1,-1,-1,-1,-1,-1,-1,-1,-1,-1,-1,-1,-1,-1,-1,-1,-1,-1,-1,-1,-1,-1,-1,-1,-1,-1,-1,-1,-1,-1,-1,-1,-1,-1,-1,-1,-1,-1,-1,-1,-1,-1,-1,-1,-1,-1,-1,-1,-1,-1,-1,-1,-1
15,-1,-1,-1,-1,-1,-1,-1,-1,-1,-1,-1,-1,-1,-1,-1,-1,-1,-1,-1,-1,-1,-1,-1,-1,-1,-1,-1,-1,-1,-1,-1,-1,-1,-1,-1,-1,-1,-1,-1,-1,-1,-1,-1,-1,-1,-1,-1,-1,-1,-1,-1,-1,-1,-1,-1,-1,-1,-1,-1,-1,-1,-1,-1,-1,-1,-1,-1,-1,-1,-1,-1,-1,-1,-1,-1,-1,-1,-1,-1,-1,-1,-1,-1,-1,-1,-1,-1,-1,-1,-1,-1,-1,-1,-1,-1,-1,-1,-1,-1
16,-1,-1,-1,-1,-1,-1,-1,-1,-1,-1,-1,-1,-1,-1,-1,-1,-1,-1,-1,-1,-1,-1,-1,-1,-1,-1,-1,-1,-1,-1,-1,-1,-1,-1,-1,-1,-1,-1,-1,-1,-1,-1,-1,-1,-1,-1,-1,-1,-1,-1,-1,-1,-1,-1,-1,-1,-1,-1,-1,-1,-1,-1,-1,-1,-1,-1,-1,-1,-1,-1,-1,-1,-1,-1,-1,-1,-1,-1,-1,-1,-1,-1,-1,-1,-1,-1,-1,-1,-1,-1,-1,-1,-1,-1,-1,-1,-1,-1,-1
17,-1,-1,-1,-1,-1,-1,-1,-1,-1,-1,-1,-1,-1,-1,-1,-1,-1,-1,-1,-1,-1,-1,-1,-1,-1,-1,-1,-1,-1,-1,-1,-1,-1,-1,-1,-1,-1,-1,-1,-1,-1,-1,-1,-1,-1,-1,-1,-1,-1,-1,-1,-1,-1,-1,-1,-1,-1,-1,-1,-1,-1,-1,-1,-1,-1,-1,-1,-1,-1,-1,-1,-1,-1,-1,-1,-1,-1,-1,-1,-1,-1,-1,-1,-1,-1,-1,-1,-1,-1,-1,-1,-1,-1,-1,-1,-1,-1,-1,-1
18,-1,-1,-1,-1,-1,-1,-1,-1,-1,-1,-1,-1,-1,-1,-1,-1,-1,-1,-1,-1,-1,-1,-1,-1,-1,-1,-1,-1,-1,-1,-1,-1,-1,-1,-1,-1,-1,-1,-1,-1,-1,-1,-1,-1,-1,-1,-1,-1,-1,-1,-1,-1,-1,-1,-1,-1,-1,-1,-1,-1,-1,-1,-1,-1,-1,-1,-1,-1,-1,-1,-1,-1,-1,-1,-1,-1,-1,-1,-1,-1,-1,-1,-1,-1,-1,-1,-1,-1,-1,-1,-1,-1,-1,-1,-1,-1,-1,-1,-1
19,-1,-1,-1,-1,-1,-1,-1,-1,-1,-1,-1,-1,-1,-1,-1,-1,-1,-1,-1,-1,-1,-1,-1,-1,-1,-1,-1,-1,40,-1,-1,-1,-1,-1,-1,-1,-1,-1,-1,-1,-1,-1,-1,-1,-1,-1,-1,-1,-1,-1,-1,-1,-1,-1,-1,-1,-1,-1,-1,-1,-1,-1,-1,-1,-1,-1,-1,-1,-1,-1,-1,-1,-1,-1,-1,-1,-1,-1,-1,-1,-1,-1,-1,-1,-1,-1,-1,-1,-1,-1,-1,-1,-1,-1,-1,-1,-1,-1,-1
20,-1,-1,-1,-1,-1,-1,-1,-1,-1,-1,-1,-1,-1,-1,-1,-1,-1,-1,-1,-1,-1,-1,-1,-1,-1,-1,-1,-1,-1,-1,-1,-1,-1,-1,-1,-1,-1,-1,-1,-1,-1,-1,-1,-1,-1,-1,-1,-1,-1,-1,-1,-1,-1,-1,-1,-1,-1,-1,-1,-1,-1,-1,-1,-1,-1,-1,-1,-1,-1,-1,-1,-1,-1,-1,-1,-1,-1,-1,-1,-1,-1,-1,-1,-1,-1,-1,-1,-1,-1,-1,-1,-1,-1,-1,-1,-1,-1,-1,-1
21,-1,-1,-1,-1,-1,-1,-1,-1,-1,-1,-1,-1,-1,-1,-1,95,95,95,95,95,95,95,95,95,95,-1,-1,-1,-1,-1,-1,-1,95,95,95,95,95,95,95,95,95,95,95,95,95,95,95,95,95,95,95,95,95,95,95,95,95,95,-1,-1,-1,-1,95,-1,95,95,95,95,95,95,95,95,95,95,95,95,95,95,41,95,95,95,95,95,95,95,95,95,95,95,-1,-1,-1,-1,95,95,-1,-1,-1
22,-1,-1,-1,-1,-1,-1,-1,-1,-1,-1,-1,-1,-1,-1,-1,95,95,95,95,95,95,95,95,95,95,-1,-1,-1,-1,-1,-1,-1,95,95,95,95,95,95,95,95,95,95,95,95,95,95,95,95,95,95,95,95,95,95,95,95,95,95,-1,-1,-1,-1,95,-1,95,95,95,95,42,95,95,95,95,95,95,95,95,95,95,95,95,95,95,95,95,95,95,95,95,95,-1,-1,-1,-1,95,95,-1,-1,-1
23,-1,-1,-1,-1,-1,-1,-1,-1,-1,-1,-1,-1,-1,-1,-1,95,95,95,95,95,95,95,95,95,95,-1,-1,-1,-1,-1,-1,-1,95,95,95,95,95,95,95,95,95,95,95,95,95,95,95,95,95,95,95,95,95,95,95,95,95,95,-1,-1,-1,-1,95,-1,43,95,95,95,95,95,95,95,95,95,95,95,95,95,95,95,95,95,95,95,95,95,95,95,95,95,-1,-1,-1,-1,95,95,-1,-1,-1
24,-1,-1,-1,-1,-1,-1,-1,-1,-1,-1,-1,-1,-1,-1,-1,95,95,95,95,95,95,95,95,95,95,-1,-1,-1,-1,-1,-1,-1,95,95,95,95,95,95,95,95,95,95,95,95,95,95,95,95,95,95,95,95,95,95,95,95,95,95,-1,-1,-1,-1,95,-1,95,95,95,95,95,95,95,95,95,95,95,95,44,95,95,95,95,95,95,95,95,95,95,95,95,95,-1,-1,-1,-1,95,95,-1,-1,-1
25,-1,-1,-1,-1,-1,-1,-1,-1,-1,-1,-1,-1,-1,-1,-1,95,95,95,95,95,95,95,95,95,95,-1,-1,-1,-1,-1,-1,-1,95,95,95,95,95,95,95,95,95,95,95,95,95,95,95,95,95,95,95,95,95,95,95,95,95,95,-1,-1,-1,-1,95,-1,95,95,95,95,95,95,95,95,95,95,95,95,95,95,95,95,95,95,95,95,45,95,95,95,95,95,-1,-1,-1,-1,95,95,-1,-1,-1
26,-1,-1,-1,-1,-1,-1,-1,-1,-1,-1,-1,-1,-1,-1,-1,95,95,95,95,95,95,95,95,95,95,-1,-1,-1,-1,-1,-1,-1,95,95,95,95,95,95,95,95,95,95,95,95,95,95,95,95,95,95,95,95,95,95,95,95,95,95,-1,-1,-1,-1,95,-1,46,95,95,95,95,95,95,95,95,95,95,95,95,95,95,95,95,95,95,95,95,95,95,95,95,95,-1,-1,-1,-1,95,95,-1,-1,-1
27,-1,-1,-1,-1,-1,-1,-1,-1,-1,-1,-1,-1,-1,-1,-1,95,95,95,95,95,95,95,95,95,95,-1,-1,-1,-1,-1,-1,-1,95,95,95,95,95,95,95,95,95,95,95,95,95,95,95,95,95,95,95,95,95,95,95,95,95,95,-1,-1,-1,-1,95,-1,95,95,95,95,95,95,95,95,95,95,95,95,95,95,95,95,95,95,95,95,95,95,95,95,95,95,-1,-1,-1,-1,95,95,-1,-1,-1
28,-1,-1,-1,-1,-1,-1,-1,-1,-1,-1,-1,-1,-1,-1,-1,95,95,95,95,95,95,95,95,95,95,-1,-1,-1,-1,-1,-1,-1,95,95,95,95,95,95,95,95,95,95,95,95,95,95,95,95,95,95,95,95,95,95,95,95,95,95,-1,-1,-1,-1,95,-1,95,95,95,95,47,95,95,95,95,95,95,95,95,95,48,95,95,95,95,95,95,95,95,95,95,95,-1,-1,-1,-1,95,95,-1,-1,-1
29,-1,-1,-1,-1,-1,-1,-1,-1,-1,-1,-1,-1,-1,-1,-1,95,95,95,95,95,95,95,95,95,95,-1,-1,-1,-1,-1,-1,-1,95,95,95,95,95,95,95,95,95,95,95,95,95,95,95,95,95,95,95,95,95,95,95,95,95,95,-1,-1,-1,-1,95,-1,95,95,95,95,95,95,95,95,49,95,95,95,95,95,95,95,95,95,95,95,95,95,95,95,95,95,-1,-1,-1,-1,95,95,-1,-1,-1
30,-1,-1,-1,-1,-1,-1,-1,-1,-1,-1,-1,-1,-1,-1,-1,95,95,95,95,95,95,95,95,95,95,-1,-1,-1,-1,-1,-1,-1,95,95,95,95,95,95,95,95,95,95,95,95,95,95,95,95,95,95,95,95,95,95,95,95,95,95,-1,-1,-1,-1,95,-1,50,95,95,95,51,95,95,95,95,95,95,95,95,95,95,95,95,95,95,95,95,95,95,95,95,95,-1,-1,-1,-1,95,95,-1,-1,-1
31,-1,-1,-1,-1,-1,-1,-1,-1,-1,-1,-1,-1,-1,-1,-1,95,95,95,95,95,95,95,95,95,95,-1,-1,-1,-1,-1,-1,-1,95,95,95,95,95,95,95,95,95,95,95,95,95,95,95,95,95,95,95,95,95,95,95,95,95,95,-1,-1,-1,-1,95,-1,95,95,95,95,95,95,95,95,95,95,95,95,95,95,95,95,95,95,95,95,95,95,95,95,95,95,-1,-1,-1,-1,95,95,-1,-1,-1
32,-1,-1,-1,-1,-1,-1,-1,-1,-1,-1,-1,-1,-1,-1,-1,95,95,95,95,95,95,95,95,95,95,-1,-1,-1,-1,-1,-1,-1,95,95,95,95,95,95,95,95,95,95,95,95,95,95,95,95,95,95,95,95,95,95,95,95,95,95,-1,-1,-1,-1,95,-1,95,95,95,95,95,95,95,95,95,95,95,95,95,95,95,95,95,95,95,95,95,95,95,95,95,95,-1,-1,-1,-1,95,95,-1,-1,-1
33,-1,-1,-1,-1,-1,-1,-1,-1,-1,-1,-1,-1,-1,-1,-1,52,52,52,52,52,52,52,52,52,52,-1,-1,-1,-1,-1,-1,-1,-1,-1,-1,-1,-1,-1,-1,-1,-1,-1,-1,-1,-1,-1,-1,-1,-1,-1,-1,-1,-1,-1,-1,-1,-1,-1,-1,-1,-1,-1,-1,-1,-1,-1,-1,-1,-1,-1,-1,-1,-1,-1,-1,-1,-1,-1,-1,-1,-1,-1,-1,-1,-1,-1,-1,-1,-1,-1,-1,-1,-1,-1,-1,-1,-1,-1,-1
34,-1,-1,-1,-1,-1,-1,-1,-1,-1,-1,-1,-1,-1,-1,-1,-1,-1,-1,-1,-1,-1,-1,-1,-1,-1,-1,-1,-1,-1,-1,-1,-1,-1,-1,-1,-1,-1,-1,-1,-1,-1,-1,-1,-1,-1,-1,-1,-1,-1,-1,-1,-1,-1,-1,-1,-1,-1,-1,-1,-1,-1,-1,-1,-1,-1,-1,-1,-1,-1,-1,-1,-1,-1,-1,-1,-1,-1,-1,-1,-1,-1,-1,-1,-1,-1,-1,-1,-1,-1,-1,-1,-1,-1,-1,-1,-1,-1,-1,-1
35,36,53,36,36,36,36,36,36,36,36,36,36,36,36,36,36,36,36,36,36,36,36,36,36,36,36,36,36,36,36,36,36,36,36,36,36,36,36,36,36,36,36,36,36,36,36,36,36,36,36,36,36,36,36,36,36,36,36,36,36,36,36,36,36,36,36,36,36,36,36,36,36,36,36,36,36,36,36,36,36,36,36,36,36,36,36,36,36,36,36,36,36,36,36,36,36,36,36,36
36,36,34,36,36,36,36,36,36,36,36,36,36,36,36,36,36,36,36,36,36,36,36,36,36,36,36,36,36,36,36,36,36,36,36,36,36,36,36,36,36,36,36,36,36,36,36,36,36,36,36,36,36,36,36,36,36,36,36,36,35,36,36,36,36,36,36,36,36,36,36,36,36,36,36,36,36,36,36,36,36,36,36,36,36,36,36,36,36,36,36,36,36,36,36,36,36,36,36,36
37,-1,-1,-1,-1,-1,-1,-1,-1,-1,-1,-1,-1,-1,-1,-1,-1,-1,-1,-1,-1,-1,-1,-1,-1,-1,-1,-1,-1,-1,-1,-1,-1,-1,-1,-1,-1,-1,-1,-1,-1,-1,-1,-1,-1,-1,-1,-1,-1,-1,-1,-1,-1,-1,-1,-1,-1,-1,-1,-1,-1,-1,-1,-1,-1,-1,-1,-1,-1,-1,-1,-1,-1,-1,-1,-1,-1,-1,-1,-1,-1,-1,-1,-1,-1,-1,-1,-1,-1,-1,-1,-1,-1,-1,-1,-1,-1,-1,-1,-1
38,-1,-1,-1,-1,-1,-1,-1,-1,-1,-1,-1,-1,-1,-1,-1,-1,-1,-1,-1,-1,-1,-1,-1,-1,-1,-1,-1,-1,-1,-1,-1,-1,-1,-1,-1,-1,-1,-1,-1,-1,-1,-1,-1,-1,-1,-1,-1,-1,-1,-1,-1,-1,-1,-1,-1,-1,-1,-1,-1,-1,-1,-1,-1,-1,-1,-1,-1,-1,-1,-1,-1,-1,-1,-1,-1,-1,-1,-1,-1,-1,-1,-1,-1,-1,-1,-1,-1,-1,-1,-1,-1,-1,-1,-1,-1,-1,-1,-1,-1
39,-1,-1,-1,-1,-1,-1,-1,-1,-1,-1,-1,-1,-1,-1,-1,-1,-1,-1,-1,-1,-1,-1,-1,-1,-1,-1,-1,-1,-1,-1,-1,-1,-1,-1,-1,-1,-1,-1,-1,-1,-1,-1,-1,-1,-1,-1,-1,-1,-1,-1,-1,-1,-1,-1,-1,-1,-1,-1,-1,-1,-1,-1,-1,-1,-1,-1,-1,-1,-1,-1,-1,-1,-1,-1,-1,-1,-1,-1,-1,-1,-1,-1,-1,-1,-1,-1,-1,-1,-1,-1,-1,-1,-1,-1,-1,-1,-1,-1,-1
40,-1,-1,-1,-1,-1,-1,-1,-1,-1,-1,-1,-1,-1,-1,-1,-1,-1,-1,-1,-1,-1,-1,-1,-1,-1,-1,-1,-1,-1,-1,-1,-1,-1,-1,-1,-1,-1,-1,-1,-1,-1,-1,-1,-1,-1,-1,-1,-1,-1,-1,-1,-1,-1,-1,-1,-1,-1,-1,-1,-1,-1,-1,-1,-1,-1,-1,-1,-1,-1,-1,-1,-1,-1,-1,-1,-1,-1,-1,-1,-1,-1,-1,-1,-1,-1,-1,-1,-1,-1,-1,-1,-1,-1,-1,-1,-1,-1,-1,-1
41,-1,-1,-1,-1,-1,-1,-1,-1,-1,-1,-1,-1,-1,-1,-1,95,95,95,95,95,95,95,95,95,95,-1,-1,-1,-1,-1,-1,-1,95,95,95,95,95,95,95,95,95,95,95,95,95,95,95,95,95,95,95,95,95,95,95,95,95,95,-1,-1,-1,-1,95,-1,95,95,95,95,95,95,95,95,95,95,95,95,95,54,95,95,95,95,95,95,95,95,95,95,95,95,-1,-1,-1,-1,95,95,-1,-1,-1
42,-1,-1,-1,-1,-1,-1,-1,-1,-1,-1,-1,-1,-1,-1,-1,95,95,95,95,95,95,95,95,95,95,-1,-1,-1,-1,-1,-1,-1,95,95,95,95,95,95,95,95,95,95,95,95,95,95,95,95,95,95,95,95,95,95,95,95,95,95,-1,-1,-1,-1,95,-1,95,95,95,95,95,55,95,95,95,95,95,95,95,95,95,95,95,95,95,95,95,95,95,95,95,95,-1,-1,-1,-1,95,95,-1,-1,-1
43,-1,-1,-1,-1,-1,-1,-1,-1,-1,-1,-1,-1,-1,-1,-1,95,95,95,95,95,95,95,95,95,95,-1,-1,-1,-1,-1,-1,-1,95,95,95,95,95,95,95,95,95,95,95,95,95,95,95,95,95,95,95,95,95,95,95,95,95,95,-1,-1,-1,-1,95,-1,95,95,95,95,95,95,95,95,95,95,95,56,95,95,95,95,95,95,95,95,95,95,95,95,95,95,-1,-1,-1,-1,95,95,-1,-1,-1
44,-1,-1,-1,-1,-1,-1,-1,-1,-1,-1,-1,-1,-1,-1,-1,95,95,95,95,95,95,95,95,95,95,-1,-1,-1,-1,-1,-1,-1,95,95,95,95,95,95,95,95,95,95,95,95,95,95,95,95,95,95,95,95,95,95,95,95,95,95,-1,-1,-1,-1,95,-1,95,95,95,95,95,95,95,95,95,95,95,95,95,95,95,57,95,95,95,95,95,95,95,95,95,95,-1,-1,-1,-1,95,95,-1,-1,-1
45,-1,-1,-1,-1,-1,-1,-1,-1,-1,-1,-1,-1,-1,-1,-1,95,95,95,95,95,95,95,95,95,95,-1,-1,-1,-1,-1,-1,-1,95,95,95,95,95,95,95,95,95,95,95,95,95,95,95,95,95,95,95,95,95,95,95,95,95,95,-1,-1,-1,-1,95,-1,95,95,95,95,95,95,95,95,95,95,95,58,95,95,95,95,95,95,95,95,95,95,95,95,95,95,-1,-1,-1,-1,95,95,-1,-1,-1
46,-1,-1,-1,-1,-1,-1,-1,-1,-1,-1,-1,-1,-1,-1,-1,95,95,95,95,95,95,95,95,95,95,-1,-1,-1,-1,-1,-1,-1,95,95,95,95,95,95,95,95,95,95,95,95,95,95,95,95,95,95,95,95,95,95,95,95,95,95,-1,-1,-1,-1,95,-1,95,95,95,95,95,95,95,95,95,95,95,95,95,95,95,95,95,59,95,95,95,95,95,95,95,95,-1,-1,-1,-1,95,95,-1,-1,-1
47,-1,-1,-1,-1,-1,-1,-1,-1,-1,-1,-1,-1,-1,-1,-1,95,95,95,95,95,95,95,95,95,95,-1,-1,-1,-1,-1,-1,-1,95,95,95,95,95,95,95,95,95,95,95,95,95,95,95,95,95,95,95,95,95,95,95,95,95,95,-1,-1,-1,-1,95,-1,95,95,95,95,95,95,60,95,95,95,95,95,95,95,95,95,95,95,95,95,95,95,95,95,95,95,-1,-1,-1,-1,95,95,-1,-1,-1
48,-1,-1,-1,-1,-1,-1,-1,-1,-1,-1,-1,-1,-1,-1,-1,95,95,95,95,95,95,95,95,95,95,-1,-1,-1,-1,-1,-1,-1,95,95,95,95,95,95,95,95,95,95,95,95,95,95,95,95,95,95,95,95,95,95,95,95,95,95,-1,-1,-1,-1,95,-1,95,95,95,95,95,95,95,95,95,95,95,95,61,95,95,95,95,95,95,95,95,95,95,95,95,95,-1,-1,-1,-1,95,95,-1,-1,-1
49,-1,-1,-1,-1,-1,-1,-1,-1,-1,-1,-1,-1,-1,-1,-1,95,95,95,95,95,95,95,95,95,95,-1,-1,-1,-1,-1,-1,-1,95,95,95,95,95,95,95,95,95,95,95,95,95,95,95,95,95,95,95,95,95,95,95,95,95,95,-1,-1,-1,-1,95,-1,95,95,95,95,95,95,95,95,95,95,95,95,95,62,95,95,95,95,95,95,95,95,95,95,95,95,-1,-1,-1,-1,95,95,-1,-1,-1
50,-1,-1,-1,-1,-1,-1,-1,-1,-1,-1,-1,-1,-1,-1,-1,95,95,95,95,95,95,95,95,95,95,-1,-1,-1,-1,-1,-1,-1,95,95,95,95,95,95,95,95,95,95,95,95,95,95,95,95,95,95,95,95,95,95,95,95,95,95,-1,-1,-1,-1,95,-1,95,95,95,95,95,95,95,95,95,95,95,95,95,95,95,95,95,63,95,95,95,95,95,95,95,95,-1,-1,-1,-1,95,95,-1,-1,-1
51,-1,-1,-1,-1,-1,-1,-1,-1,-1,-1,-1,-1,-1,-1,-1,95,95,95,95,95,95,95,95,95,95,-1,-1,-1,-1,-1,-1,-1,95,95,95,95,95,95,95,95,95,95,95,95,95,95,95,95,95,95,95,95,95,95,95,95,95,95,-1,-1,-1,-1,95,-1,95,95,95,95,95,95,95,95,95,95,95,95,95,95,95,95,95,64,95,95,95,95,95,95,95,95,-1,-1,-1,-1,95,95,-1,-1,-1
52,-1,-1,-1,-1,-1,-1,-1,-1,-1,-1,-1,-1,-1,-1,-1,52,52,52,52,52,52,52,52,52,52,-1,-1,-1,-1,-1,-1,-1,-1,-1,-1,-1,-1,-1,-1,-1,-1,-1,-1,-1,-1,-1,-1,-1,-1,-1,-1,-1,-1,-1,-1,-1,-1,-1,-1,-1,-1,-1,-1,-1,-1,-1,-1,-1,-1,-1,-1,-1,-1,-1,-1,-1,-1,-1,-1,-1,-1,-1,-1,-1,-1,-1,-1,-1,-1,-1,-1,-1,-1,-1,-1,-1,-1,-1,-1
53,36,34,36,36,36,36,36,36,36,36,36,36,36,36,36,36,36,36,36,36,36,36,36,36,36,36,36,36,36,36,36,36,36,36,36,36,36,36,36,36,36,36,36,36,36,36,36,36,36,36,36,36,36,36,36,36,36,36,36,35,36,36,36,36,36,36,36,36,36,36,36,36,36,36,36,36,36,36,36,36,36,36,36,36,36,36,36,36,36,36,36,36,36,36,36,36,36,36,36
54,-1,-1,-1,-1,-1,-1,-1,-1,-1,-1,-1,-1,-1,-1,-1,95,95,95,95,95,95,95,95,95,95,-1,-1,-1,-1,-1,-1,-1,95,95,95,95,95,95,95,95,95,95,95,95,95,95,95,95,95,95,95,95,95,95,95,95,95,95,-1,-1,-1,-1,95,-1,95,95,95,95,95,95,95,95,95,95,95,95,95,95,95,95,95,95,95,65,95,95,95,95,95,95,-1,-1,-1,-1,95,95,-1,-1,-1
55,-1,-1,-1,-1,-1,-1,-1,-1,-1,-1,-1,-1,-1,-1,-1,95,95,95,95,95,95,95,95,95,95,-1,-1,-1,-1,-1,-1,-1,95,95,95,95,95,95,95,95,95,95,95,95,95,95,95,95,95,95,95,95,95,95,95,95,95,95,-1,-1,-1,-1,95,-1,95,95,95,95,95,95,95,95,95,95,95,95,95,95,95,95,95,95,95,95,95,95,95,95,95,95,-1,-1,-1,-1,95,95,-1,-1,-1
56,-1,-1,-1,-1,-1,-1,-1,-1,-1,-1,-1,-1,-1,-1,-1,95,95,95,95,95,95,95,95,95,95,-1,-1,-1,-1,-1,-1,-1,95,95,95,95,95,95,95,95,95,95,95,95,95,95,95,95,95,95,95,95,95,95,95,95,95,95,-1,-1,-1,-1,95,-1,95,95,95,95,95,95,95,95,95,95,95,95,95,95,95,95,95,95,66,95,95,95,95,95,95,95,-1,-1,-1,-1,95,95,-1,-1,-1
57,-1,-1,-1,-1,-1,-1,-1,-1,-1,-1,-1,-1,-1,-1,-1,95,95,95,95,95,95,95,95,95,95,-1,-1,-1,-1,-1,-1,-1,95,95,95,95,95,95,95,95,95,95,95,95,95,95,95,95,95,95,95,95,95,95,95,95,95,95,-1,-1,-1,-1,95,-1,95,95,95,95,95,95,95,95,95,95,95,95,95,95,95,95,95,67,95,95,95,95,95,95,95,95,-1,-1,-1,-1,95,95,-1,-1,-1
58,-1,-1,-1,-1,-1,-1,-1,-1,-1,-1,-1,-1,-1,-1,-1,95,95,95,95,95,95,95,95,95,95,-1,-1,-1,-1,-1,-1,-1,95,95,95,95,95,95,95,95,95,95,95,95,95,95,95,95,95,95,95,95,95,95,95,95,95,95,-1,-1,-1,-1,95,-1,95,95,95,95,95,95,95,95,95,95,95,95,95,95,68,95,95,95,95,95,95,95,95,95,95,95,-1,-1,-1,-1,95,95,-1,-1,-1
59,-1,-1,-1,-1,-1,-1,-1,-1,-1,-1,-1,-1,-1,-1,-1,95,95,95,95,95,95,95,95,95,95,-1,-1,-1,-1,-1,-1,-1,95,95,95,95,95,95,95,95,95,95,95,95,95,95,95,95,95,95,95,95,95,95,95,95,95,95,-1,-1,-1,-1,95,-1,69,95,95,95,95,95,95,95,95,95,95,95,95,95,95,95,95,95,95,95,95,95,95,95,95,95,-1,-1,-1,-1,95,95,-1,-1,-1
60,-1,-1,-1,-1,-1,-1,-1,-1,-1,-1,-1,-1,-1,-1,-1,95,95,95,95,95,95,95,95,95,95,-1,-1,-1,-1,-1,-1,-1,95,95,95,95,95,95,95,95,95,95,95,95,95,95,95,95,95,95,95,95,95,95,95,95,95,95,-1,-1,-1,-1,95,-1,95,95,95,95,95,95,95,95,95,95,95,95,95,95,95,95,95,70,95,95,95,95,95,95,95,95,-1,-1,-1,-1,95,95,-1,-1,-1
61,-1,-1,-1,-1,-1,-1,-1,-1,-1,-1,-1,-1,-1,-1,-1,95,95,95,95,95,95,95,95,95,95,-1,-1,-1,-1,-1,-1,-1,95,95,95,95,95,95,95,95,95,95,95,95,95,95,95,95,95,95,95,95,95,95,95,95,95,95,-1,-1,-1,-1,95,-1,95,95,95,95,95,95,95,95,95,95,95,95,95,95,95,71,95,95,95,95,95,95,95,95,95,95,-1,-1,-1,-1,95,95,-1,-1,-1
62,-1,-1,-1,-1,-1,-1,-1,-1,-1,-1,-1,-1,-1,-1,-1,95,95,95,95,95,95,95,95,95,95,-1,-1,-1,-1,-1,-1,-1,95,95,95,95,95,95,95,95,95,95,95,95,95,95,95,95,95,95,95,95,95,95,95,95,95,95,-1,-1,-1,-1,95,-1,95,95,95,95,95,95,95,95,95,95,95,95,95,95,72,95,95,95,95,95,95,95,95,95,95,95,-1,-1,-1,-1,95,95,-1,-1,-1
63,-1,-1,-1,-1,-1,-1,-1,-1,-1,-1,-1,-1,-1,-1,-1,95,95,95,95,95,95,95,95,95,95,-1,-1,-1,-1,-1,-1,-1,95,95,95,95,95,95,95,95,95,95,95,95,95,95,95,95,95,95,95,95,95,95,95,95,95,95,-1,-1,-1,-1,95,-1,95,95,95,95,95,95,95,95,95,95,95,95,95,95,95,95,95,95,95,95,95,95,95,95,95,95,-1,-1,-1,-1,95,95,-1,-1,-1
64,-1,-1,-1,-1,-1,-1,-1,-1,-1,-1,-1,-1,-1,-1,-1,95,95,95,95,95,95,95,95,95,95,-1,-1,-1,-1,-1,-1,-1,95,95,95,95,95,95,95,95,95,95,95,95,95,95,95,95,95,95,95,95,95,95,95,95,95,95,-1,-1,-1,-1,95,-1,95,95,95,73,95,95,95,95,95,95,95,95,95,95,95,95,95,95,95,95,95,95,95,95,95,95,-1,-1,-1,-1,95,95,-1,-1,-1
65,-1,-1,-1,-1,-1,-1,-1,-1,-1,-1,-1,-1,-1,-1,-1,95,95,95,95,95,95,95,95,95,95,-1,-1,-1,-1,-1,-1,-1,95,95,95,95,95,95,95,95,95,95,95,95,95,95,95,95,95,95,95,95,95,95,95,95,95,95,-1,-1,-1,-1,95,-1,95,95,95,95,95,95,95,95,74,95,95,95,95,95,95,95,95,95,95,95,95,95,95,95,95,95,-1,-1,-1,-1,95,95,-1,-1,-1
66,-1,-1,-1,-1,-1,-1,-1,-1,-1,-1,-1,-1,-1,-1,-1,95,95,95,95,95,95,95,95,95,95,-1,-1,-1,-1,-1,-1,-1,95,95,95,95,95,95,95,95,95,95,95,95,95,95,95,95,95,95,95,95,95,95,95,95,95,95,-1,-1,-1,-1,95,-1,95,95,95,95,95,95,95,95,95,95,95,95,95,95,75,95,95,95,95,95,95,95,95,95,95,95,-1,-1,-1,-1,95,95,-1,-1,-1
67,-1,-1,-1,-1,-1,-1,-1,-1,-1,-1,-1,-1,-1,-1,-1,95,95,95,95,95,95,95,95,95,95,-1,-1,-1,-1,-1,-1,-1,95,95,95,95,95,95,95,95,95,95,95,95,95,95,95,95,95,95,95,95,95,95,95,95,95,95,-1,-1,-1,-1,95,-1,95,95,95,95,95,95,95,95,76,95,95,95,95,95,95,95,95,95,95,95,95,95,95,95,95,95,-1,-1,-1,-1,95,95,-1,-1,-1
68,-1,-1,-1,-1,-1,-1,-1,-1,-1,-1,-1,-1,-1,-1,-1,95,95,95,95,95,95,95,95,95,95,-1,-1,-1,-1,-1,-1,-1,95,95,95,95,95,95,95,95,95,95,95,95,95,95,95,95,95,95,95,95,95,95,95,95,95,95,-1,-1,-1,-1,95,-1,95,95,95,95,95,95,95,95,95,95,95,95,95,95,95,95,95,95,95,95,95,95,95,95,95,95,-1,-1,-1,-1,95,95,-1,-1,-1
69,-1,-1,-1,-1,-1,-1,-1,-1,-1,-1,-1,-1,-1,-1,-1,95,95,95,95,95,95,95,95,95,95,-1,-1,-1,-1,-1,-1,-1,95,95,95,95,95,95,95,95,95,95,95,95,95,95,95,95,95,95,95,95,95,95,95,95,95,95,-1,-1,-1,-1,95,-1,95,95,95,95,95,95,95,95,95,95,95,95,95,95,95,95,95,95,95,95,95,95,95,95,95,95,-1,-1,-1,-1,95,95,-1,-1,-1
70,-1,-1,-1,-1,-1,-1,-1,-1,-1,-1,-1,-1,-1,-1,-1,95,95,95,95,95,95,95,95,95,95,-1,-1,-1,-1,-1,-1,-1,95,95,95,95,95,95,95,95,95,95,95,95,95,95,95,95,95,95,95,95,95,95,95,95,95,95,-1,-1,-1,-1,95,-1,95,95,95,95,77,95,95,95,95,95,95,95,95,95,95,95,95,95,95,95,95,95,95,95,95,95,-1,-1,-1,-1,95,95,-1,-1,-1
71,-1,-1,-1,-1,-1,-1,-1,-1,-1,-1,-1,-1,-1,-1,-1,95,95,95,95,95,95,95,95,95,95,-1,-1,-1,-1,-1,-1,-1,95,95,95,95,95,95,95,95,95,95,95,95,95,95,95,95,95,95,95,95,95,95,95,95,95,95,-1,-1,-1,-1,95,-1,95,95,95,95,78,95,95,95,95,95,95,95,95,95,95,95,95,95,95,95,95,95,95,95,95,95,-1,-1,-1,-1,95,95,-1,-1,-1
72,-1,-1,-1,-1,-1,-1,-1,-1,-1,-1,-1,-1,-1,-1,-1,95,95,95,95,95,95,95,95,95,95,-1,-1,-1,-1,-1,-1,-1,95,95,95,95,95,95,95,95,95,95,95,95,95,95,95,95,95,95,95,95,95,95,95,95,95,95,-1,-1,-1,-1,95,-1,95,95,95,95,95,95,95,95,95,95,95,95,95,95,95,95,95,95,95,95,95,95,95,95,95,95,-1,-1,-1,-1,95,95,-1,-1,-1
73,-1,-1,-1,-1,-1,-1,-1,-1,-1,-1,-1,-1,-1,-1,-1,95,95,95,95,95,95,95,95,95,95,-1,-1,-1,-1,-1,-1,-1,95,95,95,95,95,95,95,95,95,95,95,95,95,95,95,95,95,95,95,95,95,95,95,95,95,95,-1,-1,-1,-1,95,-1,79,95,95,95,95,95,95,95,95,95,95,95,95,95,95,95,95,95,95,95,95,95,95,95,95,95,-1,-1,-1,-1,95,95,-1,-1,-1
74,-1,-1,-1,-1,-1,-1,-1,-1,-1,-1,-1,-1,-1,-1,-1,95,95,95,95,95,95,95,95,95,95,-1,-1,-1,-1,-1,-1,-1,95,95,95,95,95,95,95,95,95,95,95,95,95,95,95,95,95,95,95,95,95,95,95,95,95,95,-1,-1,-1,-1,95,-1,95,95,95,95,95,95,95,95,95,95,95,95,95,80,95,95,95,95,95,95,95,95,95,95,95,95,-1,-1,-1,-1,95,95,-1,-1,-1
75,-1,-1,-1,-1,-1,-1,-1,-1,-1,-1,-1,-1,-1,-1,-1,95,95,95,95,95,95,95,95,95,95,-1,-1,-1,-1,-1,-1,-1,95,95,95,95,95,95,95,95,95,95,95,95,95,95,95,95,95,95,95,95,95,95,95,95,95,95,-1,-1,-1,-1,95,-1,95,95,95,95,95,95,95,95,95,95,95,95,95,95,95,95,95,95,95,95,95,95,95,95,95,95,-1,-1,-1,-1,95,95,-1,-1,-1
76,-1,-1,-1,-1,-1,-1,-1,-1,-1,-1,-1,-1,-1,-1,-1,95,95,95,95,95,95,95,95,95,95,-1,-1,-1,-1,-1,-1,-1,95,95,95,95,95,95,95,95,95,95,95,95,95,95,95,95,95,95,95,95,95,95,95,95,95,95,-1,-1,-1,-1,95,-1,95,95,95,95,95,95,95,95,95,95,95,95,81,95,95,95,95,95,95,95,95,95,95,95,95,95,-1,-1,-1,-1,95,95,-1,-1,-1
77,-1,-1,-1,-1,-1,-1,-1,-1,-1,-1,-1,-1,-1,-1,-1,95,95,95,95,95,95,95,95,95,95,-1,-1,-1,-1,-1,-1,-1,95,95,95,95,95,95,95,95,95,95,95,95,95,95,95,95,95,95,95,95,95,95,95,95,95,95,-1,-1,-1,-1,95,-1,95,95,95,95,95,95,95,95,95,95,95,95,95,95,95,95,95,95,82,95,95,95,95,95,95,95,-1,-1,-1,-1,95,95,-1,-1,-1
78,-1,-1,-1,-1,-1,-1,-1,-1,-1,-1,-1,-1,-1,-1,-1,95,95,95,95,95,95,95,95,95,95,-1,-1,-1,-1,-1,-1,-1,95,95,95,95,95,95,95,95,95,95,95,95,95,95,95,95,95,95,95,95,95,95,95,95,95,95,-1,-1,-1,-1,95,-1,95,95,95,95,95,95,95,95,95,95,95,95,95,95,95,95,95,83,95,95,95,95,95,95,95,95,-1,-1,-1,-1,95,95,-1,-1,-1
79,-1,-1,-1,-1,-1,-1,-1,-1,-1,-1,-1,-1,-1,-1,-1,95,95,95,95,95,95,95,95,95,95,-1,-1,-1,-1,-1,-1,-1,95,95,95,95,95,95,95,95,95,95,95,95,95,95,95,95,95,95,95,95,95,95,95,95,95,95,-1,-1,-1,-1,95,-1,95,95,95,84,95,95,95,95,95,95,95,95,95,95,95,95,95,95,95,95,95,95,95,95,95,95,-1,-1,-1,-1,95,95,-1,-1,-1
80,-1,-1,-1,-1,-1,-1,-1,-1,-1,-1,-1,-1,-1,-1,-1,95,95,95,95,95,95,95,95,95,95,-1,-1,-1,-1,-1,-1,-1,95,95,95,95,95,95,95,95,95,95,95,95,95,95,95,95,95,95,95,95,95,95,95,95,95,95,-1,-1,-1,-1,95,-1,95,95,95,95,95,95,95,95,95,95,95,95,95,95,95,95,95,95,95,95,85,95,95,95,95,95,-1,-1,-1,-1,95,95,-1,-1,-1
81,-1,-1,-1,-1,-1,-1,-1,-1,-1,-1,-1,-1,-1,-1,-1,95,95,95,95,95,95,95,95,95,95,-1,-1,-1,-1,-1,-1,-1,95,95,95,95,95,95,95,95,95,95,95,95,95,95,95,95,95,95,95,95,95,95,95,95,95,95,-1,-1,-1,-1,95,-1,95,95,95,95,95,95,95,95,86,95,95,95,95,95,95,95,95,95,95,95,95,95,95,95,95,95,-1,-1,-1,-1,95,95,-1,-1,-1
82,-1,-1,-1,-1,-1,-1,-1,-1,-1,-1,-1,-1,-1,-1,-1,95,95,95,95,95,95,95,95,95,95,-1,-1,-1,-1,-1,-1,-1,95,95,95,95,95,95,95,95,95,95,95,95,95,95,95,95,95,95,95,95,95,95,95,95,95,95,-1,-1,-1,-1,95,-1,87,95,95,95,95,95,95,95,95,95,95,95,95,95,95,95,95,95,95,95,95,95,95,95,95,95,-1,-1,-1,-1,95,95,-1,-1,-1
83,-1,-1,-1,-1,-1,-1,-1,-1,-1,-1,-1,-1,-1,-1,-1,95,95,95,95,95,95,95,95,95,95,-1,-1,-1,-1,-1,-1,-1,95,95,95,95,95,95,95,95,95,95,95,95,95,95,95,95,95,95,95,95,95,95,95,95,95,95,-1,-1,-1,-1,95,-1,95,95,95,95,95,95,95,95,95,95,95,95,95,95,95,95,95,95,95,95,95,95,95,95,95,95,-1,-1,-1,-1,95,95,-1,-1,-1
84,-1,-1,-1,-1,-1,-1,-1,-1,-1,-1,-1,-1,-1,-1,-1,95,95,95,95,95,95,95,95,95,95,-1,-1,-1,-1,-1,-1,-1,95,95,95,95,95,95,95,95,95,95,95,95,95,95,95,95,95,95,95,95,95,95,95,95,95,95,-1,-1,-1,-1,95,-1,95,95,95,95,88,95,95,95,95,95,95,95,95,95,95,95,95,95,95,95,95,95,95,95,95,95,-1,-1,-1,-1,95,95,-1,-1,-1
85,-1,-1,-1,-1,-1,-1,-1,-1,-1,-1,-1,-1,-1,-1,-1,95,95,95,95,95,95,95,95,95,95,-1,-1,-1,-1,-1,-1,-1,95,95,95,95,95,95,95,95,95,95,95,95,95,95,95,95,95,95,95,95,95,95,95,95,95,95,-1,-1,-1,-1,95,-1,89,95,95,95,95,95,95,95,95,95,95,95,95,95,95,95,95,95,95,95,95,95,95,95,95,95,-1,-1,-1,-1,95,95,-1,-1,-1
86,-1,-1,-1,-1,-1,-1,-1,-1,-1,-1,-1,-1,-1,-1,-1,95,95,95,95,95,95,95,95,95,95,-1,-1,-1,-1,-1,-1,-1,95,95,95,95,95,95,95,95,95,95,95,95,95,95,95,95,95,95,95,95,95,95,95,95,95,95,-1,-1,-1,-1,95,-1,95,95,95,95,95,95,95,95,95,95,95,95,95,95,95,95,95,90,95,95,95,95,95,95,95,95,-1,-1,-1,-1,95,95,-1,-1,-1
87,-1,-1,-1,-1,-1,-1,-1,-1,-1,-1,-1,-1,-1,-1,-1,95,95,95,95,95,95,95,95,95,95,-1,-1,-1,-1,-1,-1,-1,95,95,95,95,95,95,95,95,95,95,95,95,95,95,95,95,95,95,95,95,95,95,95,95,95,95,-1,-1,-1,-1,95,-1,95,95,95,95,95,95,95,95,95,95,95,95,95,95,95,95,95,91,95,95,95,95,95,95,95,95,-1,-1,-1,-1,95,95,-1,-1,-1
88,-1,-1,-1,-1,-1,-1,-1,-1,-1,-1,-1,-1,-1,-1,-1,95,95,95,95,95,95,95,95,95,95,-1,-1,-1,-1,-1,-1,-1,95,95,95,95,95,95,95,95,95,95,95,95,95,95,95,95,95,95,95,95,95,95,95,95,95,95,-1,-1,-1,-1,95,-1,95,95,95,95,95,95,95,95,95,95,95,95,95,95,95,95,95,92,95,95,95,95,95,95,95,95,-1,-1,-1,-1,95,95,-1,-1,-1
89,-1,-1,-1,-1,-1,-1,-1,-1,-1,-1,-1,-1,-1,-1,-1,95,95,95,95,95,95,95,95,95,95,-1,-1,-1,-1,-1,-1,-1,95,95,95,95,95,95,95,95,95,95,95,95,95,95,95,95,95,95,95,95,95,95,95,95,95,95,-1,-1,-1,-1,95,-1,95,95,95,95,95,95,95,95,95,95,95,95,95,95,95,95,95,93,95,95,95,95,95,95,95,95,-1,-1,-1,-1,95,95,-1,-1,-1
90,-1,-1,-1,-1,-1,-1,-1,-1,-1,-1,-1,-1,-1,-1,-1,95,95,95,95,95,95,95,95,95,95,-1,-1,-1,-1,-1,-1,-1,95,95,95,95,95,95,95,95,95,95,95,95,95,95,95,95,95,95,95,95,95,95,95,95,95,95,-1,-1,-1,-1,95,-1,95,95,95,95,95,95,95,95,95,95,95,95,95,95,95,95,95,95,95,95,95,95,95,95,95,95,-1,-1,-1,-1,95,95,-1,-1,-1
91,-1,-1,-1,-1,-1,-1,-1,-1,-1,-1,-1,-1,-1,-1,-1,95,95,95,95,95,95,95,95,95,95,-1,-1,-1,-1,-1,-1,-1,95,95,95,95,95,95,95,95,95,95,95,95,95,95,95,95,95,95,95,95,95,95,95,95,95,95,-1,-1,-1,-1,95,-1,95,95,95,95,95,95,95,95,95,95,95,95,95,95,95,95,95,95,95,95,95,95,95,95,95,95,-1,-1,-1,-1,95,95,-1,-1,-1
92,-1,-1,-1,-1,-1,-1,-1,-1,-1,-1,-1,-1,-1,-1,-1,95,95,95,95,95,95,95,95,95,95,-1,-1,-1,-1,-1,-1,-1,95,95,95,95,95,95,95,95,95,95,95,95,95,95,95,95,95,95,95,95,95,95,95,95,95,95,-1,-1,-1,-1,95,-1,95,95,95,95,95,95,95,95,95,95,95,95,95,95,94,95,95,95,95,95,95,95,95,95,95,95,-1,-1,-1,-1,95,95,-1,-1,-1
93,-1,-1,-1,-1,-1,-1,-1,-1,-1,-1,-1,-1,-1,-1,-1,95,95,95,95,95,95,95,95,95,95,-1,-1,-1,-1,-1,-1,-1,95,95,95,95,95,95,95,95,95,95,95,95,95,95,95,95,95,95,95,95,95,95,95,95,95,95,-1,-1,-1,-1,95,-1,95,95,95,95,95,95,95,95,95,95,95,95,95,95,95,95,95,95,95,95,95,95,95,95,95,95,-1,-1,-1,-1,95,95,-1,-1,-1
94,-1,-1,-1,-1,-1,-1,-1,-1,-1,-1,-1,-1,-1,-1,-1,95,95,95,95,95,95,95,95,95,95,-1,-1,-1,-1,-1,-1,-1,95,95,95,95,95,95,95,95,95,95,95,95,95,95,95,95,95,95,95,95,95,95,95,95,95,95,-1,-1,-1,-1,95,-1,95,95,95,95,95,95,95,95,95,95,95,95,95,95,95,95,95,95,95,95,95,95,95,95,95,95,-1,-1,-1,-1,95,95,-1,-1,-1
95,-1,-1,-1,-1,-1,-1,-1,-1,-1,-1,-1,-1,-1,-1,-1,95,95,95,95,95,95,95,95,95,95,-1,-1,-1,-1,-1,-1,-1,95,95,95,95,95,95,95,95,95,95,95,95,95,95,95,95,95,95,95,95,95,95,95,95,95,95,-1,-1,-1,-1,95,-1,95,95,95,95,95,95,95,95,95,95,95,95,95,95,95,95,95,95,95,95,95,95,95,95,95,95,-1,-1,-1,-1,95,95,-1,-1,-1